Name,Address,Website,latitude,longitude,geocode_status
Aaron’s Presents,"2 Elm Sq, Suite 314, Andover, MA 01810",https://www.aaronspresents.org,42.6568924,-71.14045,OK_simplified
"ACT Lawrence, Inc.","15 Union St, Entrance C, 4th Floor, Suites 401 & 417, Lawrence, MA 01840",https://www.actlawrence.org,42.7073763,-71.1535126,OK_manual
AgeSpan – Diaper Pantry (program site),"530 Broadway, Lawrence, MA 01841",https://www.agespan.org,42.716078,-71.1775012,OK
AgeSpan (Elder Services of the Merrimack Valley & North Shore),"280 Merrimack St, Suite 400, Lawrence, MA 01843",https://www.agespan.org,42.7025383,-71.1525897,OK_simplified
"American Training, Inc.","6 Campanelli Dr, Andover, MA 01810",https://americantraininginc.com,42.6935771,-71.2013195,OK
Bethany Community Services,"10 Phoenix Row, Haverhill, MA 01832",https://bethanycommunities.org,42.7732204,-71.0828036,OK
Beyond Soccer,"280 Merrimack Street, Lawrence, MA 01840",https://www.beyondsoccerlawrence.org/,42.7025383,-71.1525897,OK
Boys & Girls Club of Lawrence,"136 Water St, Lawrence, MA 01841",https://www.lawrencebgc.com,42.6993507,-71.1704022,OK
Bread & Roses Community Kitchen & Pantry,"58 Newbury St, Lawrence, MA 01840",https://breadandroseskitchen.org,42.7097136,-71.1558709,OK
"Bread & Roses Housing, Inc.","205 Hampshire St, Lawrence, MA 01841",http://www.brhousing.org,42.709847,-71.167511,OK
Brothers In Arms Circle,No address listed,https://biacircle.com/,,,NOT_FOUND
"Casa Dominicana, Inc.","599 Canal St, Lawrence, MA 01840",https://casadominicana.org,42.7035479,-71.1661648,OK
Catholic Charities Boston – Merrimack Valley,"599 Canal St, 6th Floor West, Lawrence, MA 01840",https://www.ccab.org,42.7035479,-71.1661648,OK_manual
Christian Fellowship Center,"500 Merrimack St, Lawrence, MA 01843",https://cfcmv.org,42.7026985,-71.1507936,OK
"Community Action, Inc.","3 Washington Sq, Haverhill, MA 01830",https://www.communityactioninc.org,42.7741384,-71.0823055,OK
Community Christian Fellowship,"96 East Haverhill St, Lawrence, MA 01841",https://ccflawrence.org,42.7168358,-71.1552459,OK
Community Day Charter Public School (CDCPS),"73 Prospect St, Lawrence, MA 01841",https://www.thecommunitygroupinc.org/community-day-charter-public-school/,42.709158,-71.147897,OK
Community Giving Tree – Boxford,"2 Central St, Byfield, MA 01922 (Boxford/Byfield site)",https://www.communitygivingtree.org,42.7590193,-70.9480543,OK_simplified
"Community InRoads, Inc.","190 Academy Rd, North Andover, MA 01845 (serves Lawrence)",https://www.communityinroads.org,42.6843348,-71.1120036,OK_simplified
"Community Teamwork, Inc.","155 Merrimack St, Lowell, MA 01852",https://www.commteam.org,42.6456211,-71.310308,OK
Cor Unum Meal Center (at St. Patrick Parish),"191 Lawrence St, Methuen, MA 01844",https://corunummealcenter.org,42.7271094,-71.1825513,OK
Corpus Christi Food Pantry / Holy Rosary Shrine,"35 Essex St, Lawrence, MA 01840",https://corpuschristilawrence.org,42.7078218,-71.1543215,OK
Daybreak Shelter (The Psychological Center),"19 Winter St, Lawrence, MA 01841",https://psychologicalcenter.com/our-programs/daybreak-shelter/,42.7051014,-71.1705108,OK
Debbie's Treasure Chest,"15 Union St, Entrance, H, Suite G32, Lawrence, MA 01840",https://www.debbiestreasurechest.org/,42.7073763,-71.1535126,OK_manual
"Elevated Thought, Inc.","15 Union St, Suite 608, Lawrence, MA 01840",https://www.elevatedthought.org,42.7073763,-71.1535126,OK_simplified
"Emmaus, Inc.","150 How St, Haverhill, MA 01830",https://emmausinc.org,42.7772441,-71.0816542,OK
Esperanza Academy,"198 Garden St, Lawrence, MA 01840",https://esperanzaacademy.org,42.708974,-71.1576232,OK
Essex Art Center,"56 Island St, Lawrence, MA 01840",https://www.essexartcenter.org,42.7057823,-71.1523889,OK
Essex County Greenbelt Association,"82 Eastern Ave, Essex, MA 01929",https://www.ecga.org,42.6338425,-70.7647464,OK
Essex County Habitat for Humanity (Main Office),"14 Park St, Danvers, MA 01923",https://www.essexcountyhabitat.org,42.5638247,-70.9364464,OK
Family Services of the Merrimack Valley,"430 North Canal St, Lawrence, MA 01840",https://fsmv.org,42.7051143,-71.1643174,OK
Girls Inc. of Greater Lowell (serves MV),"220 Worthen St, Lowell, MA 01852",https://girlsinclowell.org,42.6450266,-71.3144112,OK
"Greater Lawrence Community Action Council, Inc. (GLCAC)","305 Essex St, Lawrence, MA 01840",https://www.glcac.org,42.7079147,-71.1617742,OK
Greater Lawrence Community Boating Program,"1 Eaton St, Lawrence, MA 01843",https://www.glcbp.org,42.6923785,-71.1768125,OK
Greater Lawrence Family Health Center (GLFHC),"34 Haverhill St, Lawrence, MA 01841",https://glfhc.org,42.7039123,-71.1922181,OK
Greater Lawrence Fellowship of the Arts (Essex Art Center programs),"56 Island St, Lawrence, MA 01840",https://www.essexartcenter.org,42.7057823,-71.1523889,OK
"Groundwork Lawrence, Inc.","50 Island St, Suite 101, Entrance B, Lawrence, MA 01840",https://groundworklawrence.org,42.706148,-71.1513092,OK_simplified
House of Mercy,"85 Bay State Road, Lawrence, MA 01840",https://www.houseofmercylawrence.com/,42.7006172,-71.168775,OK
Iglesia Adventista del Séptimo Día (Seventh-Day Adventist Church),"58 Melrose St, Lawrence, MA 01843",https://adventistlawrence.org,42.7007016,-71.1734287,OK
Iglesia Cristiana de la Comunidad,"123 Lawrence St, Lawrence, MA 01841",,42.7128005,-71.1630655,OK
Iglesia Cristiana Renuevo en el Valle,"9 Union St, Lawrence, MA 01840",,42.7072648,-71.1535129,OK
Iglesia de Dios Ebenezer,"54 East Haverhill St, Lawrence, MA 01841",,42.7134946,-71.1568855,OK
Iglesia de Dios Pentecostal M.I.,"155 Haverhill St, Lawrence, MA 01841",,42.7054992,-71.1970427,OK
Iglesia Fuente de Salvación,"160 Lawrence St, Lawrence, MA 01841",,42.712881,-71.1635961,OK
International Institute of New England – Lowell,"17 Warren St, 3rd Floor, Lowell, MA 01852",https://iine.org,42.6422099,-71.3046141,OK_manual
Ironstone Farm (Challenge Unlimited),"450 Lowell St, Andover, MA 01810",https://ironstonefarm.org,42.6429209,-71.2073463,OK
Jeanne D'Arc Credit Union Foundation (grants to Lawrence orgs),"1 Tremont Pl, Lowell, MA 01852",https://www.jdcu.org/foundation,42.6486753,-71.315123,OK
Jeanne Geiger Crisis Center – Lawrence Office,"280 Merrimack St, Suite 504, Lawrence, MA 01843",https://jeannegeigercrisiscenter.org,42.7025383,-71.1525897,OK_simplified
Joni and Friends New England,"370 Merrimack St, Unit 115, Lawrence, MA 01843",https://joniandfriends.org/new-england,42.7026016,-71.1518547,OK_simplified
Justice Resource Institute,"15 Union St, Lawrence, MA 01840",https://www.jri.org,42.7073763,-71.1535126,OK
"Lawrence CommunityWorks, Inc.","168 Newbury St, Lawrence, MA 01840",https://www.lawrencecommunityworks.org,42.713494,-71.1559939,OK
"Lawrence Family Development & Education Fund, Inc.","34 West St, Lawrence, MA 01841",https://www.lfdcs.org,42.7086123,-71.173692,OK
Lawrence General Hospital (nonprofit),"1 General St, Lawrence, MA 01841",https://www.lawrencegeneral.org,42.7097143,-71.150077,OK
Lawrence History Center,"6 Essex St, Lawrence, MA 01840",https://lawrencehistory.org,42.7075161,-71.1537024,OK
"Lawrence Partnership, Inc.","420 Common St, Lawrence, MA 01840",https://www.lawrencepartnership.org,42.7066571,-71.1654068,OK
"Lawrence Prospera (Lawrence Family Development, Inc.)","355 Haverhill St, Lawrence, MA 01840",https://www.lawrenceprospera.org,42.7093756,-71.1696151,OK
Lawrence Prospera (SISU),"417 Canal Street, Lawrence, MA 01840",https://www.lawrenceprospera.org/programs/sisu,42.7056268,-71.1631065,OK
Lawrence/Methuen Community Coalition (LMCC),"15 Union St, Lawrence, MA 01840",https://www.lawrencecommunityworks.org/initiatives/lmcc,42.7073763,-71.1535126,OK
Lazarus House Ministries,"412 Hampshire St, Lawrence, MA 01841",https://lazarushouse.org,42.7159135,-71.1715331,OK
MassHire Merrimack Valley Career Center,"255 Essex St, Lawrence, MA 01840",https://www.masshiremvcc.com,42.707818,-71.160145,OK
MassHire Merrimack Valley Workforce Board,"255 Essex St, 4th Floor, Lawrence, MA 01840",https://masshiremvwb.org,42.707818,-71.160145,OK_manual
Merrimack Valley Dream Center,"60 Island Street, Lawrence, MA 01840",https://www.mvdreamcenter.org/,42.7056604,-71.1530802,OK
Merrimack Valley Food Bank,"735 Broadway St, Lowell, MA 01854",https://mvfb.org,42.6426556,-71.3302732,OK
Merrimack Valley Habitat for Humanity (Essex County Habitat ReStore – Lawrence),"647 Andover St, Lawrence, MA 01843",https://www.essexcountyhabitat.org,42.6884892,-71.1783893,OK
Merrimack Valley Immigrant & Education Center (MVIEC),"439 South Union St, Bldg 1, Suite 110, Lawrence, MA 01843",https://mviec.org,42.6909222,-71.1559578,OK_simplified
Merrimack Valley Project,"1045 Essex Street, Lawrence, MA 01841",https://www.merrimackvalleyproject.org/,42.7001061,-71.1822002,OK
Merrimack Valley YMCA – Administrative Offices,"280/360 Merrimack St, Lawrence, MA 01843",https://mvymca.org,42.7025383,-71.1525897,OK_simplified
Merrimack Valley YMCA – Lawrence Branch,"40 Lawrence St, Lawrence, MA 01840",https://mvymca.org,42.7092796,-71.1624396,OK
MSPCA at Nevins Farm,"400 Broadway, Methuen, MA 01844",https://www.mspca.org/nevins,42.7338049,-71.1946165,OK
"Neighbors In Need, Inc.","60 Island St, Suite 74-A/74-B, Lawrence, MA 01840",https://needfood.org,42.7056604,-71.1530802,OK_simplified
Northeast Independent Living Program (NILP),"20 Ballard Rd, Lawrence, MA 01843",https://www.nilp.org,42.6852395,-71.1859876,OK
Northeast Legal Aid (Lawrence Office),"50 Island St, Suite 203A, Lawrence, MA 01840",https://www.northeastlegalaid.org,42.706148,-71.1513092,OK_simplified
Notre Dame Cristo Rey High School,"303 Haverhill St, Methuen, MA 01844",https://www.ndcrhs.org,42.7063212,-71.1983652,OK
Notre Dame Education Center (Lawrence),"303 Haverhill St, Lawrence, MA 01840",https://www.ndeclawrence.org,42.7103133,-71.1675798,OK
Our Lady of Good Counsel Parish,"22 Plymouth St, Methuen, MA 01844",https://olgcparish.com,42.7058423,-71.191408,OK
Partners in Child Development,"439 S Union St Bldg 1, Ste. 101, Lawrence, MA 01843",https://mypcd.org/,42.6909222,-71.1559578,OK_simplified
Project Home Again,"458R Essex St, Lawrence, MA 01840",https://www.projecthomeagain.net,42.705563,-71.1664668,OK
Project Home Again,"123 Tewksbury St, Andover, MA 01810",https://www.phama.org/,42.6184214,-71.1744639,OK
Ruth's House,"111 Lafayette Square, Haverhill, MA 01832",https://ruthshouse.org/,42.7780644,-71.0900408,OK
Si Se Puede,"68 Melvin Street, #12-17, Lawrence, MA 01841",https://www.ssplawrence.org/,42.7035796,-71.172853,OK_manual
Squash Busters,"30 Island Street, Lawrence, MA 01840",https://squashbusters.org ,42.7063279,-71.1505276,OK
St. Anne–St. Augustine Parish,"26 Ames St, Lawrence, MA 01841",https://stanestaugustineparish.org,42.6959447,-71.1805126,OK
St. Anthony Maronite Church,"145 Amesbury St, Lawrence, MA 01841",https://stanthonylawrence.org,42.7115533,-71.1633393,OK
St. Francis & St. Theresa Parish,"94 Bradford St, Lawrence, MA 01843",,42.7082754,-71.169141,OK
St. Mary of the Assumption Parish,"300 Haverhill St, Lawrence, MA 01840",https://stmaryassumption-lawrence.org,42.709638,-71.1668725,OK
St. Patrick Parish,"118 South Broadway, Lawrence, MA 01843",https://stpatricklawrence.org,42.6969321,-71.1628596,OK
"The Community Group, Inc.","190 Hampshire St, Lawrence, MA 01840",https://www.thecommunitygroupinc.org,42.7094677,-71.1677546,OK
The Kindness Collaborative,"5 Castle Heights Road, Andover, MA 01810",https://kindnesscollab.org/,42.6658174,-71.1473871,OK
"The Psychological Center, Inc. (Daybreak / Pegasus / Women’s View)","11 Union St, Lawrence, MA 01840",https://psychologicalcenter.com,42.707302,-71.1535128,OK
The Salvation Army- Lawrence,"250 Haverhill Street, Lawrence, MA 01840",https://easternusa.salvationarmy.org/massachusetts/lawrence/,42.7098636,-71.1638597,OK
The Wish Project,"166 Middlesex St, North Chelmsford, MA 01863",https://www.thewishproject.org,42.6363122,-71.3658169,OK
Top Notch Scholars,"200 Common St, Suite 301, Lawrence, MA 01840",https://www.topnotchscholars.org,42.708218,-71.1599711,OK_simplified
Uncommon Threads,"60 Island St, Suite 150, Lawrence, MA 01840",https://www.uncommonthreads.org/,42.7056604,-71.1530802,OK_simplified
"UTEC, Inc. (Lowell & Lawrence)","35 Warren St, Lowell, MA 01852 (also Lawrence site)",https://www.utecinc.org,42.6429876,-71.30715,OK_simplified
Waystone Health and Human Services,"439 South Union St, Lawrence, MA 01843",https://waystonehhs.org/,42.6909222,-71.1559578,OK
Windrush Farm,"479 Bay Rd, North Andover, MA 01845",https://www.windrushfarm.org,42.6900313,-71.119577,OK
Youth Development Organization,"15 Union St, Entrance C, 5th Floor, Lawrence, MA 01840",https://www.ydolwarence.org,42.7073763,-71.1535126,OK_manual
YWCA Northeastern MA – Haverhill,"107 Winter St, Haverhill, MA 01830",https://ywcanema.org,42.7777538,-71.0811239,OK
YWCA Northeastern Massachusetts (Lawrence),"38 Lawrence St, Lawrence, MA 01840",https://ywcanema.org,42.709136,-71.1621655,OK
